month,e
1,44.407604
2,49.78844
3,55.170933
4,66.28056
5,74.18116
6,83.04751
7,84.934525
8,81.58995
9,72.63561
10,61.35423
11,55.855057
12,47.366676
